,index
0,1596153600000
1,1596240000000
2,1596326400000
3,1596412800000
4,1596499200000
5,1596585600000
6,1596672000000
7,1596758400000
8,1596844800000
9,1596931200000
10,1597017600000
11,1597104000000
12,1597190400000
13,1597276800000
14,1597363200000
15,1597449600000
16,1597536000000
17,1597622400000
18,1597708800000
19,1597795200000
20,1597881600000
21,1597968000000
22,1598054400000
23,1598140800000
24,1598227200000
25,1598313600000
26,1598400000000
27,1598486400000
28,1598572800000
29,1598659200000
30,1598745600000
31,1598832000000
32,1598918400000
33,1599004800000
34,1599091200000
35,1599177600000
36,1599264000000
37,1599350400000
38,1599436800000
39,1599523200000
40,1599609600000
41,1599696000000
42,1599782400000
43,1599868800000
44,1599955200000
45,1600041600000
46,1600128000000
47,1600214400000
48,1600300800000
49,1600387200000
50,1600473600000
51,1600560000000
52,1600646400000
53,1600732800000
54,1600819200000
55,1600905600000
56,1600992000000
57,1601078400000
58,1601164800000
59,1601251200000
60,1601337600000
61,1601424000000
62,1601510400000
63,1601596800000
64,1601683200000
65,1601769600000
66,1601856000000
67,1601942400000
68,1602028800000
69,1602115200000
70,1602201600000
71,1602288000000
72,1602374400000
73,1602460800000
74,1602547200000
75,1602633600000
76,1602720000000
77,1602806400000
78,1602892800000
79,1602979200000
80,1603065600000
81,1603152000000
82,1603238400000
83,1603324800000
84,1603411200000
85,1603497600000
86,1603584000000
87,1603670400000
88,1603756800000
89,1603843200000
90,1603929600000
91,1604016000000
92,1604102400000
93,1604188800000
94,1604275200000
95,1604361600000
96,1604448000000
97,1604534400000
98,1604620800000
99,1604707200000
100,1604793600000
101,1604880000000
102,1604966400000
103,1605052800000
104,1605139200000
105,1605225600000
106,1605312000000
107,1605398400000
108,1605484800000
109,1605571200000
110,1605657600000
111,1605744000000
112,1605830400000
113,1605916800000
114,1606003200000
115,1606089600000
116,1606176000000
117,1606262400000
118,1606348800000
119,1606435200000
120,1606521600000
121,1606608000000
122,1606694400000
123,1606780800000
124,1606867200000
125,1606953600000
126,1607040000000
127,1607126400000
128,1607212800000
129,1607299200000
130,1607385600000
131,1607472000000
132,1607558400000
133,1607644800000
134,1607731200000
135,1607817600000
136,1607904000000
137,1607990400000
138,1608076800000
139,1608163200000
140,1608249600000
141,1608336000000
142,1608422400000
143,1608508800000
144,1608595200000
145,1608681600000
146,1608768000000
147,1608854400000
148,1608940800000
149,1609027200000
150,1609113600000
151,1609200000000
152,1609286400000
153,1609372800000
154,1609459200000
155,1609545600000
156,1609632000000
157,1609718400000
158,1609804800000
159,1609891200000
160,1609977600000
161,1610064000000
162,1610150400000
163,1610236800000
164,1610323200000
165,1610409600000
166,1610496000000
167,1610582400000
168,1610668800000
169,1610755200000
170,1610841600000
171,1610928000000
172,1611014400000
173,1611100800000
174,1611187200000
175,1611273600000
176,1611360000000
177,1611446400000
178,1611532800000
179,1611619200000
